Metric,Value
Total Sales,7835128.0
Predicted Sales,8259768.102132607
Average Prediction,161.04051671149557
Maximum Prediction,973.8962305288895
Minimum Prediction,6.118328378784217
