Model,MAE,RMSE,R2 Score
Linear Regression,51.88925712176229,89.61278477476495,0.8026187706778745
Decision Tree,0.9823263460748047,6.136597578439055,0.9990744045923708
Random Forest,6.2564183491893335,12.22394376624266,0.9963272734948989
